ID, Type, Car, Pros, Cons
444320, suv, 2020 Volvo XC40 T4 Momentum, Sporty+ fun to drive+ great looks+ interface, Weak AC
445557, suv, 2020 Subaru Crosstrek Base Style, Handling+ Comfort+ Quiet interior+ Mileage, Rear Storage
446225, suv, 2020 Honda HR‑V EX-L, Fun to Drive, Navigation system.
444083, suv, 2020 Hyundai Kona SEL Plus, Value for money. Top safety pick. Blast to drive, Bland but functional interior. Rear leg room.
445987, suv, 2020 Hyundai Kona Electric Limited, Value for money. Top safety pick. Blast to drive, Bland but functional interior. Rear leg room.
446085, suv, 2020 Toyota C‑HR XLE, This car is perfect for me., No cons for me
445132, suv, 2020 Buick Encore Essence, Dim headlights, 
446093, suv, 2020 Ford EcoSport SE, Great price+ decent performance+ an quality fit an, No CD Player+ No Spare Tire+ Marginal Fuel Economy
444529, suv, 2020 Chevrolet Trax LS, Fun to drive., Radio dial on touchscreen is tricky.
445549, suv, 2020 Mitsubishi Outlander Sport SE, The warranty+ easy to drive & reliable, needs lighted door panels and lights on the floor
446103, suv, 2020 Honda CR‑V EX, Comfortable and Economical, Engine problem needs solved
445547, suv, 2020 Toyota RAV4 XLE Premium, Comparatively good gas mileage, Fuel tank will not fill Misleading fuel gauge
446091, suv, 2020 Toyota RAV4 Hybrid XSE, Comparatively good gas mileage, Fuel tank will not fill Misleading fuel gauge
446004, suv, 2020 Audi Q5 45 TFSI Prestige, Riding on air+ comfortable seats+ fun to drive, Wife won’t let me drive it
446295, suv, 2020 MAZDA CX‑5 Grand Touring, Price+ Fun to Drive+ Comfort, 
444742, suv, 2020 Subaru Forester Sport, Luxury feel and comfort. Quality. Cute., Auto stop at every intersection+ but not unique
443755, suv, 2020 Acura RDX FWD w/Advance Pkg, Engine is potent+ interior finish is nice, Infotainment is really buggy
445006, suv, 2020 Mercedes-Benz GLC GLC 300 4MATIC, Nice looking vehicle., My expectation for a Mercedes is greater
444444, suv, 2020 Jeep Wrangler Sport, Everything a man could want in a car like Ruby, none
443000, suv, 2020 Kia Sportage SX Turbo, Fun to drive+ love its style, Gas milage
444332, suv, 2020 Mercedes-Benz GLE GLE 350, Technology, Bad Mercedes QC and not comfortable seat
444862, suv, 2020 Acura MDX Base Style, Value+ Semi-sporty+ good looking+ comfrotable+ saf, slow transmission
444180, suv, 2020 Volvo XC90 T6 Inscription, comfort + safety + quaity, 4 cylinder engine struggles some times.
445142, suv, 2020 Buick Enclave Avenir, N/A, N/A
444991, suv, 2020 Lexus RX RX 350L, Comfort+ Ride quality+ silent+ Eco mode+ Reliable, Lack acceleration+ handling+costly leather upgrade
441535, suv, 2020 Lincoln Aviator Reserve, There's a long list, Haven't found any yet
445144, suv, 2020 Land Rover Discovery HSE Luxury, the ride and luxury feel and 4 wheel capability, None at this time
445472, suv, 2020 Lexus GX GX 460, Very quiet ride+ smooth V8+ refined interior, A bit thirsty+ stately acceleration......
446243, suv, 2020 Toyota Land Cruiser Base Style, Value and reliability, Fill 'er up!
438507, suv, 2019 BMW X5 xDrive40i, Comfort+ Power+ Fun+ Quality+ Fit and Finish, Paying for Apple Car Play; Door sill
446091, suv, 2020 Toyota RAV4 Hybrid XSE, Comparatively good gas mileage, Fuel tank will not fill Misleading fuel gauge
445568, suv, 2020 Subaru Crosstrek Hybrid, Handling+ Comfort+ Quiet interior+ Mileage, Rear Storage
444188, suv, 2020 Volvo XC90 T8 Momentum, comfort + safety + quaity, 4 cylinder engine struggles some times.
445576, suv, 2020 Porsche Cayenne E-Hybrid, Fun to drive+ Reputation+ Navigation+ Suspension, Expensive
445987, suv, 2020 Hyundai Kona Electric Limited, Value for money. Top safety pick. Blast to drive, Bland but functional interior. Rear leg room.
444990, suv, 2020 Lexus RX RX 450h, Comfort+ Ride quality+ silent+ Eco mode+ Reliable, Lack acceleration+ handling+costly leather upgrade
444216, suv, 2020 Lexus NX 300h Luxury, A lot for the price, Might not be ideal for people who are really tall
444338, suv, 2020 Ford Escape SE Sport, Amazing MPGs for awd suv+ tech+ comfort+ value, Some hard plastics that should be soft
441656, suv, 2020 Lincoln Aviator Black Label Grand Touring, There's a long list, Haven't found any yet
443181, suv, 2020 Ford Explorer Limited HEV, Fun features styling power, Cost on higher end models.
441809, suv, 2020 Kia Telluride SX, All except one - see my con below., On the S trim+ no automatic tailgate.
444332, suv, 2020 Mercedes-Benz GLE GLE 350, Technology, Bad Mercedes QC and not comfortable seat
443771, suv, 2020 Hyundai Palisade SEL, Great safety features+ beautiful+ comfortable, If any+ Gas mileage
444331, suv, 2020 Honda Pilot Touring, Great ride+ loads of features on Elite model, Serious reliability issues
444178, suv, 2020 Hyundai Santa Fe 2.0T Limited, Everything!, None.
444862, suv, 2020 Acura MDX Base Style, Value+ Semi-sporty+ good looking+ comfrotable+ saf, slow transmission
444075, suv, 2020 Subaru Outback Touring XT, Top safety and fun to drive, Quirky auto on/off—- non shifting transmission
444180, suv, 2020 Volvo XC90 T6 Inscription, comfort + safety + quaity, 4 cylinder engine struggles some times.
445576, suv, 2020 Porsche Cayenne E-Hybrid, Fun to drive+ Reputation+ Navigation+ Suspension, Expensive
445142, suv, 2020 Buick Enclave Avenir, N/A, N/A
444440, suv, 2020 Ford Expedition XLT, Plenty of power for highway driving and towing, Price
444672, suv, 2020 Ford Expedition MAX XLT, Plenty of power for highway driving and towing, Price
444185, suv, 2020 Chevrolet Tahoe LT, Very comfortable with nice creature comforts, Wonky fuel pumps that get eaten up like clockwork
445147, suv, 2020 Chevrolet Suburban LS, Looks nice, Transmission+ Oil Leaks + A/c
444455, suv, 2020 GMC Yukon SLT, Performance and styling., Cheap carpeting in back. Not great gas mileage.
444547, suv, 2020 GMC Yukon XL SLT Standard Edition, Performance and styling., Cheap carpeting in back. Not great gas mileage.
444667, suv, 2020 Toyota Sequoia SR5, Power+ comfort+ quaity+ reliability+ fun to drive, Gas mileage.
446231, suv, 2020 Toyota Land Cruiser Heritage Edition, Value and reliability, Fill 'er up!
438624, suv, 2019 Nissan Armada SV, smooth ridw v8 power lux interior finish, better screen for nav & appel play missing
439779, suv, 2019 Mercedes-Benz GLS GLS 550 4MATIC, Twin turbo V8 power+ Smooth effortless ride, Exterior design is a little dull.
441809, suv, 2020 Kia Telluride SX, All except one - see my con below., On the S trim+ no automatic tailgate.
444332, suv, 2020 Mercedes-Benz GLE GLE 350, Technology, Bad Mercedes QC and not comfortable seat
443771, suv, 2020 Hyundai Palisade SEL, Great safety features+ beautiful+ comfortable, If any+ Gas mileage
444440, suv, 2020 Ford Expedition XLT, Plenty of power for highway driving and towing, Price
444672, suv, 2020 Ford Expedition MAX XLT, Plenty of power for highway driving and towing, Price
444331, suv, 2020 Honda Pilot Touring, Great ride+ loads of features on Elite model, Serious reliability issues
444862, suv, 2020 Acura MDX Base Style, Value+ Semi-sporty+ good looking+ comfrotable+ saf, slow transmission
444180, suv, 2020 Volvo XC90 T6 Inscription, comfort + safety + quaity, 4 cylinder engine struggles some times.
445142, suv, 2020 Buick Enclave Avenir, N/A, N/A
443903, suv, 2020 Subaru Ascent Premium, Rugged and dependable as a Subaru should be, 
441815, suv, 2020 Kia Telluride LX, All except one - see my con below., On the S trim+ no automatic tailgate.
446136, suv, 2020 Honda CR‑V EX, Comfortable and Economical, Engine problem needs solved
445547, suv, 2020 Toyota RAV4 XLE Premium, Comparatively good gas mileage, Fuel tank will not fill Misleading fuel gauge
446091, suv, 2020 Toyota RAV4 Hybrid XSE, Comparatively good gas mileage, Fuel tank will not fill Misleading fuel gauge
444337, suv, 2020 Mercedes-Benz GLE GLE 450 4MATIC, Technology, Bad Mercedes QC and not comfortable seat
444328, suv, 2020 Volvo XC40 T5 R-Design, Sporty+ fun to drive+ great looks+ interface, Weak AC
446004, suv, 2020 Audi Q5 45 TFSI Prestige, Riding on air+ comfortable seats+ fun to drive, Wife won’t let me drive it
443796, suv, 2020 Hyundai Palisade SEL, Great safety features+ beautiful+ comfortable, If any+ Gas mileage
444471, suv, 2020 Ford Expedition King Ranch, Plenty of power for highway driving and towing, Price
444673, suv, 2020 Ford Expedition MAX King Ranch, Plenty of power for highway driving and towing, Price
444320, suv, 2020 Volvo XC40 T4 Momentum, Sporty+ fun to drive+ great looks+ interface, Weak AC
445132, suv, 2020 Buick Encore Essence, Dim headlights, 
439459, suv, 2019 BMW X2 sDrive28i, Blind spot by drivers mirror, 
441161, suv, 2019 BMW X1 xDrive28i, Fun to drive+ zippy engine+ good fuel efficiency, Roar roar+ cheap interior trim+ lack of std feats
441165, suv, 2019 INFINITI QX30 Luxe, It looks good, Too expensive for what you get
440060, suv, 2019 Mercedes-Benz GLA GLA 250 4MATIC, FUN TO DRIVE, A LITTLE ROUGH ON BUMPS
441494, suv, 2019 Mercedes-Benz Mercedes‑AMG GLA GLA 45, FUN TO DRIVE, A LITTLE ROUGH ON BUMPS
445731, suv, 2020 Lexus UX 200, fun+ comfortable+ luxurious, too many buttons+ telescope adj. too little.
445561, suv, 2020 Audi Q3 Premium Plus, lovely entertainment system, Jerky ride - not smooth like other models
444668, suv, 2020 Jaguar E‑PACE P300 R-Dynamic HSE, N/A, N/A
446004, suv, 2020 Audi Q5 45 TFSI Prestige, Riding on air+ comfortable seats+ fun to drive, Wife won’t let me drive it
443755, suv, 2020 Acura RDX FWD w/Advance Pkg, Engine is potent+ interior finish is nice, Infotainment is really buggy
445006, suv, 2020 Mercedes-Benz GLC GLC 300 4MATIC, Nice looking vehicle., My expectation for a Mercedes is greater
445712, suv, 2020 INFINITI QX50 LUXE, Drives itself & all around cameras with top view, Deep dark blue paint shows any dirt
444187, suv, 2020 Lexus NX 300, A lot for the price, Might not be ideal for people who are really tall
445718, suv, 2020 BMW X3 sDrive30i, Nice ride+ great handling+ nice ergonomics, Cheap windshield glass and wind noise
445296, suv, 2020 Cadillac XT4 Luxury, Fun to drive+ practical+ luxurious, Premium fuel+
444860, suv, 2020 Lincoln Corsair Base Style, nice comfort, having to disable the auto start/stop
445570, suv, 2020 Porsche Macan Base Style, Fun to drive!, Beware of system failures in traffic.
443271, suv, 2020 Land Rover Range Rover Evoque P250 First Edition, N/A, N/A
444332, suv, 2020 Mercedes-Benz GLE GLE 350, Technology, Bad Mercedes QC and not comfortable seat
444862, suv, 2020 Acura MDX Base Style, Value+ Semi-sporty+ good looking+ comfrotable+ saf, slow transmission
444180, suv, 2020 Volvo XC90 T6 Inscription, comfort + safety + quaity, 4 cylinder engine struggles some times.
445576, suv, 2020 Porsche Cayenne E-Hybrid, Fun to drive+ Reputation+ Navigation+ Suspension, Expensive
445142, suv, 2020 Buick Enclave Avenir, N/A, N/A
444990, suv, 2020 Lexus RX RX 450h, Comfort+ Ride quality+ silent+ Eco mode+ Reliable, Lack acceleration+ handling+costly leather upgrade
444076, suv, 2020 INFINITI QX60 LUXE, Good mileage, Poor interior fit and finish
445134, suv, 2020 Land Rover Range Rover Velar R-Dynamic S P340, Stylish and handles well., Too techy and expensive for the return.
441535, suv, 2020 Lincoln Aviator Reserve, There's a long list, Haven't found any yet
445144, suv, 2020 Land Rover Discovery HSE Luxury, the ride and luxury feel and 4 wheel capability, None at this time
446231, suv, 2020 Toyota Land Cruiser Heritage Edition, Value and reliability, Fill 'er up!
439779, suv, 2019 Mercedes-Benz GLS GLS 550 4MATIC, Twin turbo V8 power+ Smooth effortless ride, Exterior design is a little dull.
439903, suv, 2019 Mercedes-Benz Mercedes‑AMG GLS GLS 63, Twin turbo V8 power+ Smooth effortless ride, Exterior design is a little dull.
446087, suv, 2020 Mercedes-Benz G‑Class G 550, Car pulls and has ZERO lag - quiet inside., Sun reflects dash on windshield and side mirrors.
444757, suv, 2020 Lexus LX LX 570, A Lexus dealership is only to be experienced., not a smooth ride on a bumpy road
444669, suv, 2020 Lincoln Navigator Base Style, luxury with a practical design, high pricetag
444743, suv, 2020 Lincoln Navigator L Reserve, luxury with a practical design, high pricetag
446435, suv, 2020 INFINITI QX80 LIMITED, Feel safe+ handling is very sporty+ lots of power, Timing chain+ Cat Converter/manifold design flaw
444858, suv, 2020 Land Rover Range Rover P525 Autobiography, Body style is impressive. Seats very comfortable, unreliable+ electrical issues+ no solutions
445545, suv, 2020 Cadillac Escalade ESV Premium Luxury, Power+ ride + and interior luxury, CUE
444335, sedan, 2020 Hyundai Accent Limited, It's perfect for the price., Nothing
445298, sedan, 2020 Kia Rio S, Great mpg.nice styling+roomy interior+affordable, None so far.
446099, sedan, 2020 Toyota Yaris LE, Great MPG+ Toyota Care+, Cheap Interior
442088, sedan, 2019 Chevrolet Sonic LS, Handles great+ Tech Savvy+ Quite Drive, MPG could be better
441470, sedan, 2019 Ford Fiesta S, Explained above., Hatch space+ rear view mirror visibility.
438493, sedan, 2019 Nissan Versa SV, Great gas mileage, Vibrating when engine cooling fan engages
441655, sedan, 2019 Mitsubishi Mirage G4 ES, MPG comfort cost of ownership, wind pushes it around a little on highway
447960, sedan, 2020 BMW 2 Series 228i xDrive Gran Coupe, N/A, N/A
444534, sedan, 2020 BMW 3 Series M340i, Fun to drive+ iDrive & Apple CarPlay+ Interior, Driving Assist Features+ Exterior Style
445402, sedan, 2020 Honda Civic Si, Great handling+ mileage+ power, Center screen takes a while to get used to.
445337, sedan, 2020 Lexus GS GS F, Smooth+ powerful engine; rock-solid build quality, Infotainment interface takes getting used to
444859, sedan, 2020 Subaru WRX WRX STI Limited, Super-fun to drive..., Wannabees will only see the chrome-plated exhausts
446236, sedan, 2020 Dodge Charger Scat Pack, Reliable+ Powerful & comfortable..., Wish the interior workmanship was better.
442170, sedan, 2019 Audi RS 5 Base Style, So much fun, A little too quiet in sport mode
442353, sedan, 2019 Audi S5 Prestige, Fast+ beautiful+ and the valets park it out front, handling could be improved
443183, sedan, 2019 Audi S4 Prestige, High qualtity, None. Complete car.
439795, sedan, 2019 Mercedes-Benz Mercedes‑AMG E‑Class E 63 S AMG, Great ride, nothing
441730, sedan, 2019 Mercedes-Benz Mercedes‑AMG C‑Class C 63 AMG, A gas to drive+ the car holds the road!, Sport wheels don't last 36+000 miles.
447213, sedan, 2019 Rolls-Royce Ghost Extended, great price+ fun to drive, no cup holders
447253, sedan, 2019 Rolls-Royce Phantom Extended Wheelbase, See my review above, The absolute fascination with a black exterior and interior!
438184, sedan, 2018 Maserati Quattroporte S Q4 GranLusso, One of the fastest sedans with 530HP., Depreciates significantly (DO NOT BUY BRAND NEW)
436632, sedan, 2018 Bentley Mulsanne Base Style, N/A, N/A
445395, sedan, 2020 Honda Accord Hybrid EX-L, Quiet+ Value+ Style+ Comfort, Cold weather very hard on MPG
444765, sedan, 2020 Lexus ES ES 300h, looks+ driving, comfort+ quirky and overly complicated technology
442115, sedan, 2020 Toyota Corolla Hybrid LE, fuel economy+ ride quality+ appearance, entune interface+ no android auto
445841, sedan, 2020 Toyota Camry Hybrid XLE, Good fuel mileage but you pay extra for a hybrid, Low ground clearance and useless navigation system
443712, sedan, 2020 Kia Optima Hybrid EX, Comfortable+ smooth+ quiet and solid. Top quality!, Smaller trunk
443764, sedan, 2020 Kia Optima Plug‑in Hybrid EX, Comfortable+ smooth+ quiet and solid. Top quality!, Smaller trunk
445020, sedan, 2020 Ford Fusion SEL Hybrid, Fun to ride+ reliability+ solidness+ Looks, 
441280, sedan, 2019 Tesla Model 3 Mid Range, Everything, None without having to get into the weeds to find
441718, sedan, 2019 Honda Clarity Electric Base Style, Feels like luxury car+ quiet+ comfortable, None yet.
442085, sedan, 2019 Honda Clarity Plug‑in Hybrid Base Style, Feels like luxury car+ quiet+ comfortable, None yet.
445888, sedan, 2020 Mercedes-Benz E‑Class E 450 4MATIC, Great ride, nothing
444575, sedan, 2020 BMW 3 Series M340i xDrive, Fun to drive+ iDrive & Apple CarPlay+ Interior, Driving Assist Features+ Exterior Style
445985, sedan, 2020 Lexus IS IS 350, A Lot of Bang for the Buck+ Fun to drive+, Average Acceleration+ Muddled center console
445753, sedan, 2020 INFINITI Q50 3.0t LUXE, Sporty and comfortable, No apple car play
445302, sedan, 2020 MAZDA MAZDA3 Preferred, Comfy ride+ sleek exterior+ plush inteiror, Finicky infotainment+ needs more low end torgue
444197, sedan, 2020 Subaru Legacy Premium, Very comfortable and fun to drive, too many functions controlled by touch screen
445307, sedan, 2020 Lexus GS GS 350 F SPORT, Smooth+ powerful engine; rock-solid build quality, Infotainment interface takes getting used to
443894, sedan, 2020 Nissan Altima 2.5 SR, I feel safe in this car & love the look of it too., none so far
444859, sedan, 2020 Subaru WRX WRX STI Limited, Super-fun to drive..., Wannabees will only see the chrome-plated exhausts
443483, sedan, 2020 Acura TLX 3.5 w/Technology Pkg & A-SPEC Pkg, the price is right!!, 
444534, sedan, 2020 BMW 3 Series M340i, Fun to drive+ iDrive & Apple CarPlay+ Interior, Driving Assist Features+ Exterior Style
445383, sedan, 2020 Honda Civic LX, Great handling+ mileage+ power, Center screen takes a while to get used to.
442082, sedan, 2020 Toyota Corolla SE, fuel economy+ ride quality+ appearance, entune interface+ no android auto
442115, sedan, 2020 Toyota Corolla Hybrid LE, fuel economy+ ride quality+ appearance, entune interface+ no android auto
445010, sedan, 2020 Kia Forte FE, Great gas mileage+ cool technology features, Steering wheel isn't heated
445985, sedan, 2020 Lexus IS IS 350, A Lot of Bang for the Buck+ Fun to drive+, Average Acceleration+ Muddled center console
443563, sedan, 2020 Hyundai Elantra SEL, Great price+ value+ and beautiful looking car., None.
445295, sedan, 2020 MAZDA MAZDA3 Base Style, Comfy ride+ sleek exterior+ plush inteiror, Finicky infotainment+ needs more low end torgue
445564, sedan, 2020 Acura ILX Premium & A-SPEC Pkgs, comfortable ride - quality - performance, style -technology
444859, sedan, 2020 Subaru WRX WRX STI Limited, Super-fun to drive..., Wannabees will only see the chrome-plated exhausts
444995, sedan, 2020 Honda Accord EX, Balanced performance+ great value+ Surprising MPG+, Some road noise on concrete roads
445395, sedan, 2020 Honda Accord Hybrid EX-L, Quiet+ Value+ Style+ Comfort, Cold weather very hard on MPG
444744, sedan, 2020 Lexus ES ES 350, looks+ driving, comfort+ quirky and overly complicated technology
445883, sedan, 2020 Mercedes-Benz E‑Class E 350, Great ride, nothing
445294, sedan, 2020 Toyota Camry TRD, Good fuel mileage but you pay extra for a hybrid, Low ground clearance and useless navigation system
445841, sedan, 2020 Toyota Camry Hybrid XLE, Good fuel mileage but you pay extra for a hybrid, Low ground clearance and useless navigation system
446120, sedan, 2020 Hyundai Sonata SEL Plus, Safety Suite+ Design+ Comfort+ Drivability+ Bose, Power passenger seat doesn't go up and down
445714, sedan, 2020 INFINITI Q50 3.0t PURE, Sporty and comfortable, No apple car play
444197, sedan, 2020 Subaru Legacy Premium, Very comfortable and fun to drive, too many functions controlled by touch screen
445303, sedan, 2020 Lexus GS GS 350, Smooth+ powerful engine; rock-solid build quality, Infotainment interface takes getting used to
444745, sedan, 2020 Nissan Maxima SR, superb styling+ great fun to drive+ great price, premium fuel recommended
446228, sedan, 2020 Dodge Charger GT, Reliable+ Powerful & comfortable..., Wish the interior workmanship was better.
436688, sedan, 2019 Chevrolet Impala LS, Looks+ Quiet comfortable ride+ Economical., Traction marginal at slow speed in snow.
439853, sedan, 2019 Genesis G80 3.8, Price+ power+ comfort., non
439004, sedan, 2019 Kia Stinger Premium, Very decent power. Bargain price+ decent mpg, Sound system is ok
441153, sedan, 2019 Kia Cadenza Limited, Options that are standard!, None so far
441277, sedan, 2019 Acura RLX Sport Hybrid SH-AWD, Powerful 370 HP engine (310+ 60 electric assist), Reduced trunk space due to battery storage.
441643, sedan, 2019 Chrysler 300 300 Touring L, Fun to drive; rear-window visor - awesome!, Need blind spot detection; front camera-needed
441173, sedan, 2019 Acura RLX Base Style, Solid+ quiet+ responsive+ tons of fun to drive, No interior LED mood lighting; second rate navi
441537, sedan, 2019 Buick LaCrosse Avenir, Price+ comfort+ equipment, None to speak of.
447960, sedan, 2020 BMW 2 Series 228i xDrive Gran Coupe, N/A, N/A
444534, sedan, 2020 BMW 3 Series M340i, Fun to drive+ iDrive & Apple CarPlay+ Interior, Driving Assist Features+ Exterior Style
445985, sedan, 2020 Lexus IS IS 350, A Lot of Bang for the Buck+ Fun to drive+, Average Acceleration+ Muddled center console
445564, sedan, 2020 Acura ILX Premium & A-SPEC Pkgs, comfortable ride - quality - performance, style -technology
442170, sedan, 2019 Audi RS 5 Base Style, So much fun, A little too quiet in sport mode
442353, sedan, 2019 Audi S5 Prestige, Fast+ beautiful+ and the valets park it out front, handling could be improved
441731, sedan, 2019 Audi A5 Premium, Fun to drive; great tech features and sound system, Poor rear/side visibility; minimal upfront storage
438617, sedan, 2019 Genesis G70 3.3T Design Edition, 5/60 warranty+ safety features+ Fun to Drive!!, No park assist in base model
443183, sedan, 2019 Audi S4 Prestige, High qualtity, None. Complete car.
441280, sedan, 2019 Tesla Model 3 Mid Range, Everything, None without having to get into the weeds to find
441720, sedan, 2019 Audi A4 Premium, Top safety pick+ fun sporty and high end., The shifter takes a day or two to adjust to.
444744, sedan, 2020 Lexus ES ES 350, looks+ driving, comfort+ quirky and overly complicated technology
445883, sedan, 2020 Mercedes-Benz E‑Class E 350, Great ride, nothing
445714, sedan, 2020 INFINITI Q50 3.0t PURE, Sporty and comfortable, No apple car play
445303, sedan, 2020 Lexus GS GS 350, Smooth+ powerful engine; rock-solid build quality, Infotainment interface takes getting used to
443477, sedan, 2020 Acura TLX 2.4 w/Technology Pkg, the price is right!!, 
444324, sedan, 2020 Cadillac CT5 Sport, Fun to drive+ classy interior+ sporty exterior, None
441374, sedan, 2019 Audi A6 Prestige, Performance+ safety+ technology+ style., None
439795, sedan, 2019 Mercedes-Benz Mercedes‑AMG E‑Class E 63 S AMG, Great ride, nothing
436528, sedan, 2019 BMW M5 Base Style, Fast as a rocket., A little turbo lag when not ready.
439968, sedan, 2019 BMW 5 Series 530e iPerformance, Does everything well, Wish for more battery-only range (40-50 miles)
439853, sedan, 2019 Genesis G80 3.8, Price+ power+ comfort., non
441277, sedan, 2019 Acura RLX Sport Hybrid SH-AWD, Powerful 370 HP engine (310+ 60 electric assist), Reduced trunk space due to battery storage.
441173, sedan, 2019 Acura RLX Base Style, Solid+ quiet+ responsive+ tons of fun to drive, No interior LED mood lighting; second rate navi
441537, sedan, 2019 Buick LaCrosse Avenir, Price+ comfort+ equipment, None to speak of.
439862, sedan, 2019 Lincoln Continental Select, Exceptional comfort+ power+ quietness & quality, Need more colors choics for interior.
442154, sedan, 2019 Cadillac XTS Platinum, Better than my 14, GM has killed of this very comfortable ride.
444078, sedan, 2019 BMW 6 Series 650i Gran Coupe xDrive, Great driving experience. Still turns heads, I don't like where the interior door pull is.
443867, sedan, 2020 Cadillac CT6‑V Base Style, Fast, Too many settings
445979, sedan, 2020 Porsche Panamera Turbo S E-Hybrid Sport Turismo, FUN TO DRIVE, NONE FOR ME+ MAY BE PRICE
447114, sedan, 2020 Kia K900 Luxury, power+ comfort+ feature content, front end styling a bit dull
444534, sedan, 2020 BMW 3 Series M340i, Fun to drive+ iDrive & Apple CarPlay+ Interior, Driving Assist Features+ Exterior Style
445337, sedan, 2020 Lexus GS GS F, Smooth+ powerful engine; rock-solid build quality, Infotainment interface takes getting used to
442170, sedan, 2019 Audi RS 5 Base Style, So much fun, A little too quiet in sport mode
442353, sedan, 2019 Audi S5 Prestige, Fast+ beautiful+ and the valets park it out front, handling could be improved
443183, sedan, 2019 Audi S4 Prestige, High qualtity, None. Complete car.
439795, sedan, 2019 Mercedes-Benz Mercedes‑AMG E‑Class E 63 S AMG, Great ride, nothing
441730, sedan, 2019 Mercedes-Benz Mercedes‑AMG C‑Class C 63 AMG, A gas to drive+ the car holds the road!, Sport wheels don't last 36+000 miles.
436528, sedan, 2019 BMW M5 Base Style, Fast as a rocket., A little turbo lag when not ready.
443273, sedan, 2019 Audi RS 3 Base Style, Performance+ fun+ quality+ practicality+ looks, Cabin is a bit small. Wish it had three pedals.
441401, sedan, 2019 Mercedes-Benz Mercedes‑AMG CLA CLA 45 4MATIC, fun to drive+ fast+ awesome looks, transmision
445401, hatchback, 2019 FIAT 500e Base Style, Cute+ fun to drive+ low maintenance+ economical!, Definitely a city car due to limited range
442432, hatchback, 2019 FIAT 500 Abarth Base Style, Styling+ price+ fun to drive and low ins. cost, Small size+ for single person or couple only
443334, hatchback, 2019 FIAT 500 Pop, Styling+ price+ fun to drive and low ins. cost, Small size+ for single person or couple only
435013, hatchback, 2018 smart fortwo electric drive Pure, Peppy+ Stylish and fun to drive, Battery range(miles) 80 summer+ 55 winter
447191, hatchback, 2019 smart fortwo EQ coupe Pure, Peppy+ Stylish and fun to drive, Battery range(miles) 80 summer+ 55 winter
445338, hatchback, 2020 Kia Rio S, Great mpg.nice styling+roomy interior+affordable, None so far.
445546, hatchback, 2020 Chevrolet Spark LS, Excellent mileage+ fun-to-drive+ fits anywhere, Would 2 more hp make a difference?
436297, hatchback, 2019 Honda Fit Sport w/Honda Sensing, Fun to drive+ very economical, Peppy+ but won't win many races.
442003, hatchback, 2019 BMW i3 s w/Range Extender, Fun to drive+ very inexpensive to operate, It's a specific use vehicle+ understand that.
442086, hatchback, 2019 Chevrolet Sonic LT, Handles great+ Tech Savvy+ Quite Drive, MPG could be better
438895, hatchback, 2019 Nissan Versa Note SR, Great gas mileage, Vibrating when engine cooling fan engages
441449, hatchback, 2019 Ford Fiesta SE, Explained above., Hatch space+ rear view mirror visibility.
438911, hatchback, 2019 Toyota Prius c LE, Gas and money saver, Road noise is loud and the car is slow.
441642, hatchback, 2019 Mitsubishi Mirage SE, MPG+ maneuverability, blind spots
442409, hatchback, 2019 FIAT 500L Lounge, See above., I dont own two of them.
444190, hatchback, 2020 Toyota Prius Prime LE, The first Prius that is fun to drive., As I said+ rough road noise comes through too much
444750, hatchback, 2020 Honda Civic Sport, Great handling+ mileage+ power, Center screen takes a while to get used to.
445300, hatchback, 2020 MAZDA MAZDA3 Base Style, Comfy ride+ sleek exterior+ plush inteiror, Finicky infotainment+ needs more low end torgue
444857, hatchback, 2020 Toyota Prius XLE, Gas mileage. Comfortable seats. Electric mode., No Android interface. Seat heat buttons
439420, hatchback, 2019 Honda Civic Type R Touring, Performance+ reliability+ cool factor, Dealer Premiums
437166, hatchback, 2019 Chevrolet Bolt EV LT, Cheap to run...really cheap!, Needs better interior finishes.
442341, hatchback, 2019 Hyundai Elantra GT Base Style, Great price+ value+ and beautiful looking car., None.
438414, hatchback, 2019 Hyundai Ioniq Electric Limited, Super Deal Great MPG and Full Electric Option, Head rests very uncomfortable too far forward
438435, hatchback, 2019 Hyundai Ioniq Plug‑in Hybrid Base Style, Super Deal Great MPG and Full Electric Option, Head rests very uncomfortable too far forward
438622, hatchback, 2019 Hyundai Ioniq Hybrid Blue, Super Deal Great MPG and Full Electric Option, Head rests very uncomfortable too far forward
447729, hatchback, 2019 Ferrari GTC4Lusso Base Style, N/A, N/A
442003, hatchback, 2019 BMW i3 s w/Range Extender, Fun to drive+ very inexpensive to operate, It's a specific use vehicle+ understand that.
447729, hatchback, 2019 Ferrari GTC4Lusso Base Style, N/A, N/A
439420, hatchback, 2019 Honda Civic Type R Touring, Performance+ reliability+ cool factor, Dealer Premiums
441458, hatchback, 2019 Ford Fiesta ST, Explained above., Hatch space+ rear view mirror visibility.
439878, hatchback, 2019 Volkswagen Golf R 4Motion, Great value+ performance+ comfort+ understated, Gas mileage - slightly less than Id expected ~28
438878, hatchback, 2019 Volkswagen Golf GTI S, N/A, N/A
438196, hatchback, 2019 MINI Hardtop 4 Door Cooper S, Looks and performance, It is a small so not for hauling big things
439214, hatchback, 2019 MINI Hardtop 2 Door John Cooper Works, Looks and performance, It is a small so not for hauling big things
442432, hatchback, 2019 FIAT 500 Abarth Base Style, Styling+ price+ fun to drive and low ins. cost, Small size+ for single person or couple only
443907, hatchback, 2019 MINI Clubman John Cooper Works ALL4, Very fun to drive, Unreliable+ expensive+ quirky
447729, hatchback, 2019 Ferrari GTC4Lusso Base Style, N/A, N/A
445300, hatchback, 2020 MAZDA MAZDA3 Base Style, Comfy ride+ sleek exterior+ plush inteiror, Finicky infotainment+ needs more low end torgue
444892, hatchback, 2020 Toyota Prius LE, Gas mileage. Comfortable seats. Electric mode., No Android interface. Seat heat buttons
439878, hatchback, 2019 Volkswagen Golf R 4Motion, Great value+ performance+ comfort+ understated, Gas mileage - slightly less than Id expected ~28
443907, hatchback, 2019 MINI Clubman John Cooper Works ALL4, Very fun to drive, Unreliable+ expensive+ quirky
447729, hatchback, 2019 Ferrari GTC4Lusso Base Style, N/A, N/A
444320, luxury, 2020 Volvo XC40 T4 Momentum, Sporty+ fun to drive+ great looks+ interface, Weak AC
445132, luxury, 2020 Buick Encore Essence, Dim headlights, 
438745, luxury, 2019 Porsche 718 Boxster S, looks and driving experience, hard to get in and out of as I age
439459, luxury, 2019 BMW X2 sDrive28i, Blind spot by drivers mirror, 
442411, luxury, 2019 BMW 2 Series M240i, Fun to drive+ top notch BMW quality, Run Flat Tires
442003, luxury, 2019 BMW i3 s w/Range Extender, Fun to drive+ very inexpensive to operate, It's a specific use vehicle+ understand that.
441161, luxury, 2019 BMW X1 xDrive28i, Fun to drive+ zippy engine+ good fuel efficiency, Roar roar+ cheap interior trim+ lack of std feats
436478, luxury, 2019 BMW M2 Base Style, N/A, N/A
441165, luxury, 2019 INFINITI QX30 Luxe, It looks good, Too expensive for what you get
443485, luxury, 2019 Audi TT Base Style, Fast+ great handling and excellent looking., Ride a little firm
446004, luxury, 2020 Audi Q5 45 TFSI Prestige, Riding on air+ comfortable seats+ fun to drive, Wife won’t let me drive it
444534, luxury, 2020 BMW 3 Series M340i, Fun to drive+ iDrive & Apple CarPlay+ Interior, Driving Assist Features+ Exterior Style
443755, luxury, 2020 Acura RDX FWD w/Advance Pkg, Engine is potent+ interior finish is nice, Infotainment is really buggy
445006, luxury, 2020 Mercedes-Benz GLC GLC 300 4MATIC, Nice looking vehicle., My expectation for a Mercedes is greater
445985, luxury, 2020 Lexus IS IS 350, A Lot of Bang for the Buck+ Fun to drive+, Average Acceleration+ Muddled center console
445712, luxury, 2020 INFINITI QX50 LUXE, Drives itself & all around cameras with top view, Deep dark blue paint shows any dirt
445564, luxury, 2020 Acura ILX Premium & A-SPEC Pkgs, comfortable ride - quality - performance, style -technology
444187, luxury, 2020 Lexus NX 300, A lot for the price, Might not be ideal for people who are really tall
445718, luxury, 2020 BMW X3 sDrive30i, Nice ride+ great handling+ nice ergonomics, Cheap windshield glass and wind noise
445296, luxury, 2020 Cadillac XT4 Luxury, Fun to drive+ practical+ luxurious, Premium fuel+
444744, luxury, 2020 Lexus ES ES 350, looks+ driving, comfort+ quirky and overly complicated technology
444332, luxury, 2020 Mercedes-Benz GLE GLE 350, Technology, Bad Mercedes QC and not comfortable seat
445870, luxury, 2020 Mercedes-Benz E‑Class E 450 4MATIC, Great ride, nothing
444862, luxury, 2020 Acura MDX Base Style, Value+ Semi-sporty+ good looking+ comfrotable+ saf, slow transmission
444180, luxury, 2020 Volvo XC90 T6 Inscription, comfort + safety + quaity, 4 cylinder engine struggles some times.
445576, luxury, 2020 Porsche Cayenne E-Hybrid, Fun to drive+ Reputation+ Navigation+ Suspension, Expensive
445714, luxury, 2020 INFINITI Q50 3.0t PURE, Sporty and comfortable, No apple car play
445142, luxury, 2020 Buick Enclave Avenir, N/A, N/A
444990, luxury, 2020 Lexus RX RX 450h, Comfort+ Ride quality+ silent+ Eco mode+ Reliable, Lack acceleration+ handling+costly leather upgrade
445303, luxury, 2020 Lexus GS GS 350, Smooth+ powerful engine; rock-solid build quality, Infotainment interface takes getting used to
446231, luxury, 2020 Toyota Land Cruiser Heritage Edition, Value and reliability, Fill 'er up!
439853, luxury, 2019 Genesis G80 3.8, Price+ power+ comfort., non
441277, luxury, 2019 Acura RLX Sport Hybrid SH-AWD, Powerful 370 HP engine (310+ 60 electric assist), Reduced trunk space due to battery storage.
441173, luxury, 2019 Acura RLX Base Style, Solid+ quiet+ responsive+ tons of fun to drive, No interior LED mood lighting; second rate navi
441537, luxury, 2019 Buick LaCrosse Avenir, Price+ comfort+ equipment, None to speak of.
439862, luxury, 2019 Lincoln Continental Select, Exceptional comfort+ power+ quietness & quality, Need more colors choics for interior.
442154, luxury, 2019 Cadillac XTS Platinum, Better than my 14, GM has killed of this very comfortable ride.
444078, luxury, 2019 BMW 6 Series 650i Gran Coupe xDrive, Great driving experience. Still turns heads, I don't like where the interior door pull is.
439779, luxury, 2019 Mercedes-Benz GLS GLS 550 4MATIC, Twin turbo V8 power+ Smooth effortless ride, Exterior design is a little dull.
439903, luxury, 2019 Mercedes-Benz Mercedes‑AMG GLS GLS 63, Twin turbo V8 power+ Smooth effortless ride, Exterior design is a little dull.
444534, luxury, 2020 BMW 3 Series M340i, Fun to drive+ iDrive & Apple CarPlay+ Interior, Driving Assist Features+ Exterior Style
445337, luxury, 2020 Lexus GS GS F, Smooth+ powerful engine; rock-solid build quality, Infotainment interface takes getting used to
443330, luxury, 2020 Jaguar F‑TYPE P300, Best sounding car out there, Pricey
442170, luxury, 2019 Audi RS 5 Base Style, So much fun, A little too quiet in sport mode
442344, luxury, 2019 Audi S5 Premium Plus, Fast+ beautiful+ and the valets park it out front, handling could be improved
443183, luxury, 2019 Audi S4 Prestige, High qualtity, None. Complete car.
439778, luxury, 2019 Mercedes-Benz Mercedes‑AMG E‑Class E 53 AMG, Great ride, nothing
441730, luxury, 2019 Mercedes-Benz Mercedes‑AMG C‑Class C 63 AMG, A gas to drive+ the car holds the road!, Sport wheels don't last 36+000 miles.
441814, luxury, 2019 Audi SQ5 Premium Plus, N/A, N/A
436528, luxury, 2019 BMW M5 Base Style, Fast as a rocket., A little turbo lag when not ready.
444744, luxury, 2020 Lexus ES ES 350, looks+ driving, comfort+ quirky and overly complicated technology
444332, luxury, 2020 Mercedes-Benz GLE GLE 350, Technology, Bad Mercedes QC and not comfortable seat
444320, luxury, 2020 Volvo XC40 T4 Momentum, Sporty+ fun to drive+ great looks+ interface, Weak AC
446004, luxury, 2020 Audi Q5 45 TFSI Prestige, Riding on air+ comfortable seats+ fun to drive, Wife won’t let me drive it
445870, luxury, 2020 Mercedes-Benz E‑Class E 450 4MATIC, Great ride, nothing
444534, luxury, 2020 BMW 3 Series M340i, Fun to drive+ iDrive & Apple CarPlay+ Interior, Driving Assist Features+ Exterior Style
443755, luxury, 2020 Acura RDX FWD w/Advance Pkg, Engine is potent+ interior finish is nice, Infotainment is really buggy
444862, luxury, 2020 Acura MDX Base Style, Value+ Semi-sporty+ good looking+ comfrotable+ saf, slow transmission
445006, luxury, 2020 Mercedes-Benz GLC GLC 300 4MATIC, Nice looking vehicle., My expectation for a Mercedes is greater
444180, luxury, 2020 Volvo XC90 T6 Inscription, comfort + safety + quaity, 4 cylinder engine struggles some times.
445987, electric, 2020 Hyundai Kona Electric Limited, Value for money. Top safety pick. Blast to drive, Bland but functional interior. Rear leg room.
443850, electric, 2021 Rivian R1S Base Style, N/A, N/A
446989, electric, 2020 Tesla Model X Performance, Free fuel+ quicker than twin turbo porsche., New company growth issues.
444869, electric, 2020 Jaguar I‑PACE EV400 SE, Luxurious+ comfortable+ fast. sports car handling!, Will need more charging locations; a' la Tesla.
447824, electric, 2020 Tesla Model Y Long Range, N/A, N/A
441072, electric, 2019 Audi e‑tron Prestige, Great driving dynamics+ superb fit and finish, Some other ev's have more range+ if you need more
437166, electric, 2019 Chevrolet Bolt EV LT, Cheap to run...really cheap!, Needs better interior finishes.
441280, electric, 2019 Tesla Model 3 Mid Range, Everything, None without having to get into the weeds to find
441718, electric, 2019 Honda Clarity Electric Base Style, Feels like luxury car+ quiet+ comfortable, None yet.
443592, electric, 2019 Honda Clarity Fuel Cell Base Style, Feels like luxury car+ quiet+ comfortable, None yet.
442003, electric, 2019 BMW i3 s w/Range Extender, Fun to drive+ very inexpensive to operate, It's a specific use vehicle+ understand that.
441082, electric, 2019 Chevrolet Volt LT, gets me to work and back with ) ommissions, turning radius is not great- rear seats crapmedFo
438414, electric, 2019 Hyundai Ioniq Electric Limited, Super Deal Great MPG and Full Electric Option, Head rests very uncomfortable too far forward
443270, electric, 2019 Kia Niro EV EX Premium, fun to drive+ very different feel than a automatic, charging away from home
438631, electric, 2019 Nissan LEAF S, decent pick-up+ fair price for what you get, range limitation
441079, electric, 2019 Kia Soul EV + (Plus), Good Performance+ Decent Ride+ NO GAS!, Range takes a hit in winter.
445301, electric, 2020 Porsche Taycan Turbo S, N/A, N/A
446995, electric, 2020 Tesla Model S Performance, Super fast+ low operating cost+ handling practical, Overall quality still not at Audi RS7 levels
446989, electric, 2020 Tesla Model X Performance, Free fuel+ quicker than twin turbo porsche., New company growth issues.
441280, electric, 2019 Tesla Model 3 Mid Range, Everything, None without having to get into the weeds to find
442003, electric, 2019 BMW i3 s w/Range Extender, Fun to drive+ very inexpensive to operate, It's a specific use vehicle+ understand that.
443845, electric, 2021 Rivian R1T Base Style, N/A, N/A
443850, electric, 2021 Rivian R1S Base Style, N/A, N/A
445301, electric, 2020 Porsche Taycan Turbo S, N/A, N/A
446995, electric, 2020 Tesla Model S Performance, Super fast+ low operating cost+ handling practical, Overall quality still not at Audi RS7 levels
446989, electric, 2020 Tesla Model X Performance, Free fuel+ quicker than twin turbo porsche., New company growth issues.
444869, electric, 2020 Jaguar I‑PACE EV400 SE, Luxurious+ comfortable+ fast. sports car handling!, Will need more charging locations; a' la Tesla.
447824, electric, 2020 Tesla Model Y Long Range, N/A, N/A
441072, electric, 2019 Audi e‑tron Prestige, Great driving dynamics+ superb fit and finish, Some other ev's have more range+ if you need more
444449, van-minivan, 2020 Honda Odyssey EX, Good seats+ safety equipment+ cargo space+ quite, Infotainment system takes a while to learn
444986, van-minivan, 2020 Chrysler Pacifica Limited, comfortable+ fun to drive+ good tech+, can get pricey based on trim and options....
445544, van-minivan, 2020 Chrysler Voyager LX, comfortable+ fun to drive+ good tech+, can get pricey based on trim and options....
443475, van-minivan, 2020 Toyota Sienna LE, It's a Toyota. Engine and comfort., A little dated...but it's a Toyota.
444980, van-minivan, 2020 Kia Sedona SX, I got a lot for my money, I can'f find any faults at this point
438289, van-minivan, 2019 Dodge Grand Caravan Passenger SXT, Lots of room, Starter needed replaced
448092, van-minivan, 2020 Chrysler Pacifica Hybrid Limited, 33 miles all elec.+ very quiet+ handling+ features, Shifter+ firm seats+ homelink in visor
447217, van-minivan, 2020 Ford Transit Connect Passenger Wagon Titanium, Bargain and Versatile with European Styling, Could use more horsepower.
447335, van-minivan, 2020 Ford Transit Connect Cargo Van XLT, Bargain and Versatile with European Styling, Could use more horsepower.
447291, van-minivan, 2020 Ram ProMaster City Tradesman SLT Cargo, 30 mpg+ drives like a car+ carries a good load., Can't stand up inside.
446554, van-minivan, 2020 Nissan NV2500 HD Cargo SV, power+ comfort+ cabin space+ heats up quickly, 10' pipe can't go straight in+ 11 mpg
446572, van-minivan, 2020 Nissan NV1500 Cargo SV, power+ comfort+ cabin space+ heats up quickly, 10' pipe can't go straight in+ 11 mpg
446580, van-minivan, 2020 Nissan NV3500 HD Cargo S, power+ comfort+ cabin space+ heats up quickly, 10' pipe can't go straight in+ 11 mpg
446863, van-minivan, 2020 Nissan NV3500 HD Passenger SV, power+ comfort+ cabin space+ heats up quickly, 10' pipe can't go straight in+ 11 mpg
447499, van-minivan, 2020 Mercedes-Benz Sprinter 3500 Crew High Roof w/170" WB, Very comfortable on long trips pulling a trailer., The cost to maintain only at MB dealers.
447555, van-minivan, 2020 Mercedes-Benz Sprinter 2500 Crew High Roof w/170" WB, Very comfortable on long trips pulling a trailer., The cost to maintain only at MB dealers.
447659, van-minivan, 2020 Mercedes-Benz Sprinter 4500 Crew High Roof w/170" WB, Very comfortable on long trips pulling a trailer., The cost to maintain only at MB dealers.
447728, van-minivan, 2020 Mercedes-Benz Sprinter 1500 Passenger Standard Roof w/144" WB, Very comfortable on long trips pulling a trailer., The cost to maintain only at MB dealers.
447740, van-minivan, 2020 Mercedes-Benz Sprinter 1500 Cargo Standard Roof w/144" WB, Very comfortable on long trips pulling a trailer., The cost to maintain only at MB dealers.
447905, van-minivan, 2020 Mercedes-Benz Sprinter 2500 Cargo Standard Roof w/144" WB, Very comfortable on long trips pulling a trailer., The cost to maintain only at MB dealers.
443476, van-minivan, 2020 Toyota Sienna SE Premium, It's a Toyota. Engine and comfort., A little dated...but it's a Toyota.
447562, van-minivan, 2020 Mercedes-Benz Sprinter 2500 Crew High Roof w/170" WB, Very comfortable on long trips pulling a trailer., The cost to maintain only at MB dealers.
447907, van-minivan, 2020 Mercedes-Benz Sprinter 2500 Cargo High Roof w/170" WB, Very comfortable on long trips pulling a trailer., The cost to maintain only at MB dealers.
448194, van-minivan, 2020 Mercedes-Benz Sprinter 2500 Passenger Standard Roof w/144" WB, Very comfortable on long trips pulling a trailer., The cost to maintain only at MB dealers.
447559, van-minivan, 2020 Freightliner Sprinter 2500 Crew Standard Roof w/144" WB, N/A, N/A
447906, van-minivan, 2020 Freightliner Sprinter 2500 Cargo Standard Roof w/144" WB, N/A, N/A
447955, van-minivan, 2020 Ford Transit 250 Cargo Van Extended Length High Roof, N/A, N/A
448202, van-minivan, 2020 Freightliner Sprinter 2500 Passenger Standard Roof w/144" WB, N/A, N/A
436803, van-minivan, 2018 Mercedes-Benz Sprinter 3500 XD Cargo High Roof w/170" WB, Very comfortable on long trips pulling a trailer., The cost to maintain only at MB dealers.
436806, van-minivan, 2018 Freightliner Sprinter 3500XD Cargo High Roof Extended w/170" WB, N/A, N/A
444449, van-minivan, 2020 Honda Odyssey EX, Good seats+ safety equipment+ cargo space+ quite, Infotainment system takes a while to learn
444986, van-minivan, 2020 Chrysler Pacifica Limited, comfortable+ fun to drive+ good tech+, can get pricey based on trim and options....
445544, van-minivan, 2020 Chrysler Voyager LX, comfortable+ fun to drive+ good tech+, can get pricey based on trim and options....
443476, van-minivan, 2020 Toyota Sienna SE Premium, It's a Toyota. Engine and comfort., A little dated...but it's a Toyota.
444980, van-minivan, 2020 Kia Sedona SX, I got a lot for my money, I can'f find any faults at this point
446863, van-minivan, 2020 Nissan NV3500 HD Passenger SV, power+ comfort+ cabin space+ heats up quickly, 10' pipe can't go straight in+ 11 mpg
447728, van-minivan, 2020 Mercedes-Benz Sprinter 1500 Passenger Standard Roof w/144" WB, Very comfortable on long trips pulling a trailer., The cost to maintain only at MB dealers.
448188, van-minivan, 2020 Mercedes-Benz Sprinter 2500 Passenger Standard Roof w/144" WB, Very comfortable on long trips pulling a trailer., The cost to maintain only at MB dealers.
447776, van-minivan, 2020 Freightliner Sprinter 1500 Passenger Standard Roof w/144" WB, N/A, N/A
448189, van-minivan, 2020 Freightliner Sprinter 2500 Passenger High Roof w/170" WB, N/A, N/A
444449, van-minivan, 2020 Honda Odyssey EX, Good seats+ safety equipment+ cargo space+ quite, Infotainment system takes a while to learn
444986, van-minivan, 2020 Chrysler Pacifica Limited, comfortable+ fun to drive+ good tech+, can get pricey based on trim and options....
445544, van-minivan, 2020 Chrysler Voyager LX, comfortable+ fun to drive+ good tech+, can get pricey based on trim and options....
444980, van-minivan, 2020 Kia Sedona SX, I got a lot for my money, I can'f find any faults at this point
438289, van-minivan, 2019 Dodge Grand Caravan Passenger SXT, Lots of room, Starter needed replaced
448092, van-minivan, 2020 Chrysler Pacifica Hybrid Limited, 33 miles all elec.+ very quiet+ handling+ features, Shifter+ firm seats+ homelink in visor
446863, van-minivan, 2020 Nissan NV3500 HD Passenger SV, power+ comfort+ cabin space+ heats up quickly, 10' pipe can't go straight in+ 11 mpg
447217, van-minivan, 2020 Ford Transit Connect Passenger Wagon Titanium, Bargain and Versatile with European Styling, Could use more horsepower.
443606, van-minivan, 2019 Mercedes-Benz Metris Passenger Base Style, powerful+ roomy, clunky ride+ noisy engine+ terrible svc and supt.
442995, van-minivan, 2019 Ford Transit Connect Passenger XL, Bargain and Versatile with European Styling, Could use more horsepower.
444320, crossover, 2020 Volvo XC40 T4 Momentum, Sporty+ fun to drive+ great looks+ interface, Weak AC
445557, crossover, 2020 Subaru Crosstrek Base Style, Handling+ Comfort+ Quiet interior+ Mileage, Rear Storage
446225, crossover, 2020 Honda HR‑V EX-L, Fun to Drive, Navigation system.
444083, crossover, 2020 Hyundai Kona SEL Plus, Value for money. Top safety pick. Blast to drive, Bland but functional interior. Rear leg room.
445987, crossover, 2020 Hyundai Kona Electric Limited, Value for money. Top safety pick. Blast to drive, Bland but functional interior. Rear leg room.
446085, crossover, 2020 Toyota C‑HR XLE, This car is perfect for me., No cons for me
445132, crossover, 2020 Buick Encore Essence, Dim headlights, 
446093, crossover, 2020 Ford EcoSport SE, Great price+ decent performance+ an quality fit an, No CD Player+ No Spare Tire+ Marginal Fuel Economy
444529, crossover, 2020 Chevrolet Trax LS, Fun to drive., Radio dial on touchscreen is tricky.
445549, crossover, 2020 Mitsubishi Outlander Sport SE, The warranty+ easy to drive & reliable, needs lighted door panels and lights on the floor
446103, crossover, 2020 Honda CR‑V EX, Comfortable and Economical, Engine problem needs solved
445547, crossover, 2020 Toyota RAV4 XLE Premium, Comparatively good gas mileage, Fuel tank will not fill Misleading fuel gauge
446004, crossover, 2020 Audi Q5 45 TFSI Prestige, Riding on air+ comfortable seats+ fun to drive, Wife won’t let me drive it
446295, crossover, 2020 MAZDA CX‑5 Grand Touring, Price+ Fun to Drive+ Comfort, 
444742, crossover, 2020 Subaru Forester Sport, Luxury feel and comfort. Quality. Cute., Auto stop at every intersection+ but not unique
443755, crossover, 2020 Acura RDX FWD w/Advance Pkg, Engine is potent+ interior finish is nice, Infotainment is really buggy
445006, crossover, 2020 Mercedes-Benz GLC GLC 300 4MATIC, Nice looking vehicle., My expectation for a Mercedes is greater
443000, crossover, 2020 Kia Sportage SX Turbo, Fun to drive+ love its style, Gas milage
445712, crossover, 2020 INFINITI QX50 LUXE, Drives itself & all around cameras with top view, Deep dark blue paint shows any dirt
444187, crossover, 2020 Lexus NX 300, A lot for the price, Might not be ideal for people who are really tall
445568, crossover, 2020 Subaru Crosstrek Hybrid, Handling+ Comfort+ Quiet interior+ Mileage, Rear Storage
444188, crossover, 2020 Volvo XC90 T8 Momentum, comfort + safety + quaity, 4 cylinder engine struggles some times.
445576, crossover, 2020 Porsche Cayenne E-Hybrid, Fun to drive+ Reputation+ Navigation+ Suspension, Expensive
445987, crossover, 2020 Hyundai Kona Electric Limited, Value for money. Top safety pick. Blast to drive, Bland but functional interior. Rear leg room.
444990, crossover, 2020 Lexus RX RX 450h, Comfort+ Ride quality+ silent+ Eco mode+ Reliable, Lack acceleration+ handling+costly leather upgrade
444216, crossover, 2020 Lexus NX 300h Luxury, A lot for the price, Might not be ideal for people who are really tall
444338, crossover, 2020 Ford Escape SE Sport, Amazing MPGs for awd suv+ tech+ comfort+ value, Some hard plastics that should be soft
441656, crossover, 2020 Lincoln Aviator Black Label Grand Touring, There's a long list, Haven't found any yet
443181, crossover, 2020 Ford Explorer Limited HEV, Fun features styling power, Cost on higher end models.
438287, crossover, 2019 Acura MDX Sport Hybrid SH-AWD w/Technology Pkg, Value+ Semi-sporty+ good looking+ comfrotable+ saf, slow transmission
444332, crossover, 2020 Mercedes-Benz GLE GLE 350, Technology, Bad Mercedes QC and not comfortable seat
443771, crossover, 2020 Hyundai Palisade SEL, Great safety features+ beautiful+ comfortable, If any+ Gas mileage
444331, crossover, 2020 Honda Pilot Touring, Great ride+ loads of features on Elite model, Serious reliability issues
444178, crossover, 2020 Hyundai Santa Fe 2.0T Limited, Everything!, None.
444862, crossover, 2020 Acura MDX Base Style, Value+ Semi-sporty+ good looking+ comfrotable+ saf, slow transmission
444075, crossover, 2020 Subaru Outback Touring XT, Top safety and fun to drive, Quirky auto on/off—- non shifting transmission
444180, crossover, 2020 Volvo XC90 T6 Inscription, comfort + safety + quaity, 4 cylinder engine struggles some times.
445576, crossover, 2020 Porsche Cayenne E-Hybrid, Fun to drive+ Reputation+ Navigation+ Suspension, Expensive
444990, crossover, 2020 Lexus RX RX 450h, Comfort+ Ride quality+ silent+ Eco mode+ Reliable, Lack acceleration+ handling+costly leather upgrade
443968, crossover, 2020 Chevrolet Traverse LT, Size+ comfort+ infotainment, Price+ cup holders
439779, crossover, 2019 Mercedes-Benz GLS GLS 550 4MATIC, Twin turbo V8 power+ Smooth effortless ride, Exterior design is a little dull.
439903, crossover, 2019 Mercedes-Benz Mercedes‑AMG GLS GLS 63, Twin turbo V8 power+ Smooth effortless ride, Exterior design is a little dull.
444320, crossover, 2020 Volvo XC40 T4 Momentum, Sporty+ fun to drive+ great looks+ interface, Weak AC
445132, crossover, 2020 Buick Encore Essence, Dim headlights, 
439459, crossover, 2019 BMW X2 sDrive28i, Blind spot by drivers mirror, 
441161, crossover, 2019 BMW X1 xDrive28i, Fun to drive+ zippy engine+ good fuel efficiency, Roar roar+ cheap interior trim+ lack of std feats
440060, crossover, 2019 Mercedes-Benz GLA GLA 250 4MATIC, FUN TO DRIVE, A LITTLE ROUGH ON BUMPS
441494, crossover, 2019 Mercedes-Benz Mercedes‑AMG GLA GLA 45, FUN TO DRIVE, A LITTLE ROUGH ON BUMPS
445731, crossover, 2020 Lexus UX 200, fun+ comfortable+ luxurious, too many buttons+ telescope adj. too little.
445561, crossover, 2020 Audi Q3 Premium Plus, lovely entertainment system, Jerky ride - not smooth like other models
444668, crossover, 2020 Jaguar E‑PACE P300 R-Dynamic HSE, N/A, N/A
446004, crossover, 2020 Audi Q5 45 TFSI Prestige, Riding on air+ comfortable seats+ fun to drive, Wife won’t let me drive it
443755, crossover, 2020 Acura RDX FWD w/Advance Pkg, Engine is potent+ interior finish is nice, Infotainment is really buggy
445006, crossover, 2020 Mercedes-Benz GLC GLC 300 4MATIC, Nice looking vehicle., My expectation for a Mercedes is greater
445712, crossover, 2020 INFINITI QX50 LUXE, Drives itself & all around cameras with top view, Deep dark blue paint shows any dirt
444187, crossover, 2020 Lexus NX 300, A lot for the price, Might not be ideal for people who are really tall
445718, crossover, 2020 BMW X3 sDrive30i, Nice ride+ great handling+ nice ergonomics, Cheap windshield glass and wind noise
445296, crossover, 2020 Cadillac XT4 Luxury, Fun to drive+ practical+ luxurious, Premium fuel+
444860, crossover, 2020 Lincoln Corsair Base Style, nice comfort, having to disable the auto start/stop
445570, crossover, 2020 Porsche Macan Base Style, Fun to drive!, Beware of system failures in traffic.
444543, crossover, 2020 Jaguar F‑PACE 25t, Its a Jaguar., none so far.
444332, crossover, 2020 Mercedes-Benz GLE GLE 350, Technology, Bad Mercedes QC and not comfortable seat
444862, crossover, 2020 Acura MDX Base Style, Value+ Semi-sporty+ good looking+ comfrotable+ saf, slow transmission
444180, crossover, 2020 Volvo XC90 T6 Inscription, comfort + safety + quaity, 4 cylinder engine struggles some times.
445576, crossover, 2020 Porsche Cayenne E-Hybrid, Fun to drive+ Reputation+ Navigation+ Suspension, Expensive
444990, crossover, 2020 Lexus RX RX 450h, Comfort+ Ride quality+ silent+ Eco mode+ Reliable, Lack acceleration+ handling+costly leather upgrade
444076, crossover, 2020 INFINITI QX60 LUXE, Good mileage, Poor interior fit and finish
445134, crossover, 2020 Land Rover Range Rover Velar R-Dynamic S P340, Stylish and handles well., Too techy and expensive for the return.
441535, crossover, 2020 Lincoln Aviator Reserve, There's a long list, Haven't found any yet
441532, crossover, 2019 Audi Q8 Prestige, Fun+ fast+ sleek+ user friendly+ lots of features., $$$ but .... You pay for what you get.
438507, crossover, 2019 BMW X5 xDrive40i, Comfort+ Power+ Fun+ Quality+ Fit and Finish, Paying for Apple Car Play; Door sill
439779, crossover, 2019 Mercedes-Benz GLS GLS 550 4MATIC, Twin turbo V8 power+ Smooth effortless ride, Exterior design is a little dull.
439903, crossover, 2019 Mercedes-Benz Mercedes‑AMG GLS GLS 63, Twin turbo V8 power+ Smooth effortless ride, Exterior design is a little dull.
444332, crossover, 2020 Mercedes-Benz GLE GLE 350, Technology, Bad Mercedes QC and not comfortable seat
443771, crossover, 2020 Hyundai Palisade SEL, Great safety features+ beautiful+ comfortable, If any+ Gas mileage
444331, crossover, 2020 Honda Pilot Touring, Great ride+ loads of features on Elite model, Serious reliability issues
444862, crossover, 2020 Acura MDX Base Style, Value+ Semi-sporty+ good looking+ comfrotable+ saf, slow transmission
444180, crossover, 2020 Volvo XC90 T6 Inscription, comfort + safety + quaity, 4 cylinder engine struggles some times.
444991, crossover, 2020 Lexus RX RX 350L, Comfort+ Ride quality+ silent+ Eco mode+ Reliable, Lack acceleration+ handling+costly leather upgrade
443968, crossover, 2020 Chevrolet Traverse LT, Size+ comfort+ infotainment, Price+ cup holders
446291, crossover, 2020 Volkswagen Tiguan SE R-Line Black, Roomy inside+ ride+ comfort+ technology., needs full power pass seat+ needs ventilated seats
441535, crossover, 2020 Lincoln Aviator Reserve, There's a long list, Haven't found any yet
445558, crossover, 2020 Kia Sorento S, Fun to drive and fun to own., Can't think of any off hand.
446136, crossover, 2020 Honda CR‑V EX, Comfortable and Economical, Engine problem needs solved
445547, crossover, 2020 Toyota RAV4 XLE Premium, Comparatively good gas mileage, Fuel tank will not fill Misleading fuel gauge
444337, crossover, 2020 Mercedes-Benz GLE GLE 450 4MATIC, Technology, Bad Mercedes QC and not comfortable seat
444328, crossover, 2020 Volvo XC40 T5 R-Design, Sporty+ fun to drive+ great looks+ interface, Weak AC
446004, crossover, 2020 Audi Q5 45 TFSI Prestige, Riding on air+ comfortable seats+ fun to drive, Wife won’t let me drive it
443796, crossover, 2020 Hyundai Palisade SEL, Great safety features+ beautiful+ comfortable, If any+ Gas mileage
444352, crossover, 2020 Honda Pilot Black Edition, Great ride+ loads of features on Elite model, Serious reliability issues
444203, crossover, 2020 Hyundai Santa Fe 2.0T Limited, Everything!, None.
445557, crossover, 2020 Subaru Crosstrek Base Style, Handling+ Comfort+ Quiet interior+ Mileage, Rear Storage
446295, crossover, 2020 MAZDA CX‑5 Grand Touring, Price+ Fun to Drive+ Comfort, 
445140, truck, 2020 Toyota Tacoma Double Cab TRD Sport, So far realiabiliby+ fun to drive+ manuverability., could use a little more adjustment to the seats
445172, truck, 2020 Toyota Tacoma Access Cab SR, So far realiabiliby+ fun to drive+ manuverability., could use a little more adjustment to the seats
444537, truck, 2020 Chevrolet Colorado Crew Cab Work Truck, Styling+ Price+ Ride, no heated mirrors on Z71+ Infotainment quirks
435001, truck, 2019 Honda Ridgeline RTL-T, Great Price, Needs a better navigation system
441274, truck, 2019 GMC Canyon Extended Cab SLE All Terrain, Solid Feel+ Quiet and comfortable ride quality., 5 foot bed is nice looking but limiting
441275, truck, 2019 GMC Canyon Crew Cab Denali, Solid Feel+ Quiet and comfortable ride quality., 5 foot bed is nice looking but limiting
441371, truck, 2019 Nissan Frontier Crew Cab SV, rides like a sedan handles like a sports car., none
441445, truck, 2019 Nissan Frontier King Cab SV, Dependability, not a lot of power
443845, truck, 2021 Rivian R1T Base Style, N/A, N/A
443093, truck, 2020 Jeep Gladiator Overland, Good ride +it’s really a truck +and it looks great, Cost of the vehicle and the gas mileage
444981, truck, 2020 Ram 1500 Crew Cab Lone Star, Ram really is just way ahead of GM/Ford, Fuel mileage with the 3:92 axle is around 18 comb
444438, truck, 2020 Ford F150 SuperCrew Cab XLT, Powerful+ no turbos to fail., None. It doesn't get 35 mpg+ but it's a truck.
443680, truck, 2020 Chevrolet Silverado 2500 HD Crew Cab LT, AWESOME TO DRIVE!, GAS MILAGE+ PRICE.
443758, truck, 2020 Chevrolet Silverado 3500 HD Crew Cab Work Truck, Easy and safe to drive., So very tall.
444528, truck, 2020 Chevrolet Silverado 1500 Crew Cab LT, DFM Engine+ 8 speed trans+ super quiet ride., No adaptive cruiser. Lousy tilt wheel mechanism.
445824, truck, 2020 GMC Sierra 1500 Crew Cab SLT, Comfortable+ powerful+ great styling+ cargo room, none
444748, truck, 2020 GMC Sierra 2500 HD Crew Cab SLE, N/A, N/A
445381, truck, 2020 GMC Sierra 3500 HD Crew Cab Denali, N/A, N/A
445297, truck, 2020 Toyota Tundra CrewMax SR5, Powerful+ reliable+ rides fine, Gas mileage not great
445384, truck, 2020 Toyota Tundra Double Cab SR5, Powerful+ reliable+ rides fine, Gas mileage not great
444981, truck, 2020 Ram 1500 Crew Cab Lone Star, Ram really is just way ahead of GM/Ford, Fuel mileage with the 3:92 axle is around 18 comb
444438, truck, 2020 Ford F150 SuperCrew Cab XLT, Powerful+ no turbos to fail., None. It doesn't get 35 mpg+ but it's a truck.
443680, truck, 2020 Chevrolet Silverado 2500 HD Crew Cab LT, AWESOME TO DRIVE!, GAS MILAGE+ PRICE.
443758, truck, 2020 Chevrolet Silverado 3500 HD Crew Cab Work Truck, Easy and safe to drive., So very tall.
445143, truck, 2020 Toyota Tacoma Double Cab SR5, So far realiabiliby+ fun to drive+ manuverability., could use a little more adjustment to the seats
445172, truck, 2020 Toyota Tacoma Access Cab SR, So far realiabiliby+ fun to drive+ manuverability., could use a little more adjustment to the seats
444539, truck, 2020 Chevrolet Silverado 1500 Crew Cab Custom Trail Boss, DFM Engine+ 8 speed trans+ super quiet ride., No adaptive cruiser. Lousy tilt wheel mechanism.
445824, truck, 2020 GMC Sierra 1500 Crew Cab SLT, Comfortable+ powerful+ great styling+ cargo room, none
444751, truck, 2020 GMC Sierra 2500 HD Crew Cab SLT, N/A, N/A
445381, truck, 2020 GMC Sierra 3500 HD Crew Cab Denali, N/A, N/A
443681, convertible, 2019 FIAT 500c Abarth Base Style, Styling+ price+ fun to drive and low ins. cost, Small size+ for single person or couple only
445398, convertible, 2019 FIAT 500c Lounge Cabrio, Styling+ price+ fun to drive and low ins. cost, Small size+ for single person or couple only
436450, convertible, 2018 smart fortwo electric drive cabrio Prime, Peppy+ Stylish and fun to drive, Battery range(miles) 80 summer+ 55 winter
447226, convertible, 2019 smart fortwo EQ cabrio Passion, Peppy+ Stylish and fun to drive, Battery range(miles) 80 summer+ 55 winter
438745, convertible, 2019 Porsche 718 Boxster S, looks and driving experience, hard to get in and out of as I age
439005, convertible, 2019 MAZDA MX‑5 Miata Sport, Fun+ economical+ would work well for commuter car, A couple of nits (see comments)
439008, convertible, 2019 MAZDA MX‑5 Miata RF Grand Touring, Fun+ economical+ would work well for commuter car, A couple of nits (see comments)
436788, convertible, 2019 FIAT 124 Spider Lusso, Amazing ride and beuty, None+ it’s a spider .
442415, convertible, 2019 BMW 2 Series 230i xDrive, Fun to drive+ top notch BMW quality, Run Flat Tires
438625, convertible, 2019 Nissan 370Z Sport Touring, Great performance+ GOBS of power+ FUN FUN FUN, 
436529, convertible, 2019 Alfa Romeo 4C Spider Base Style, A truly tactile exotic with speed+ looks+ and feel, Not a luxury car. Small fuel tank.
442190, convertible, 2019 Mercedes-Benz SLC SLC 300, Loads of fun., None to speak of.
443624, convertible, 2019 Mercedes-Benz Mercedes‑AMG SLC SLC 43 AMG, Loads of fun., None to speak of.
445820, convertible, 2020 Porsche 911 Carrera 4S, N/A, N/A
447748, convertible, 2019 Ferrari 488 Spider Base Style, cozy seats, space in the car
448159, convertible, 2019 McLaren 570S Spider, lovely, 
447250, convertible, 2019 Rolls-Royce Dawn Base Style, N/A, N/A
448196, convertible, 2019 Aston Martin DB11 Volante, N/A, N/A
436692, convertible, 2018 Bentley Continental Supersports, design+ interior+ quality+ power+ smoothness, navigation not so great
441919, convertible, 2018 Lamborghini Aventador S, cool design, noisy
442017, convertible, 2018 Maserati GranTurismo Sport, Buy 3yr used & you will be in heaven, Deprectiation horrificus+ bad nav & integration
443330, convertible, 2020 Jaguar F‑TYPE P300, Best sounding car out there, Pricey
442344, convertible, 2019 Audi S5 Premium Plus, Fast+ beautiful+ and the valets park it out front, handling could be improved
434938, convertible, 2019 Chevrolet Corvette ZR1, Neck wrenching acceleration and handlin. Styling., Factory wheels are prone to cracking and bending.
441722, convertible, 2019 Audi A5 Prestige, Fun to drive; great tech features and sound system, Poor rear/side visibility; minimal upfront storage
441660, convertible, 2019 Mercedes-Benz C‑Class C 300, A gas to drive+ the car holds the road!, Sport wheels don't last 36+000 miles.
441733, convertible, 2019 Mercedes-Benz Mercedes‑AMG C‑Class C 63 S AMG, A gas to drive+ the car holds the road!, Sport wheels don't last 36+000 miles.
441719, convertible, 2019 Audi A3 Premium Plus, Speed+ handling+ overall driving experience, Remote app control/monitoring disabled in A3s!
443210, convertible, 2019 BMW M4 Base Style, Chassis/speed/acceleration/overtaking/exterior, Start up sound/options prices/need for sno tires
436402, convertible, 2019 BMW 4 Series 440i, Style+ responsiveness+ handling+ utility., Ride can be a bit harsh.
436814, convertible, 2019 Buick Cascada Premium, Great look+ fun to drive+ musy have for the beach, Need high test
445885, convertible, 2020 Mercedes-Benz E‑Class E 450, Great ride, nothing
445829, convertible, 2020 Ford Mustang EcoBoost, Fun to drive+ great ride quality & infotainment, Back seat leg room & seats feel a bit cheap
445821, convertible, 2020 Chevrolet Camaro ZL1, Fast+ loud and fun, Really just a two seater
439790, convertible, 2019 Mercedes-Benz Mercedes‑AMG E‑Class E 53 AMG, Great ride, nothing
448147, convertible, 2020 BMW 8 Series 840i xDrive, N/A, N/A
436301, convertible, 2019 BMW i8 Base Style, Overall a fantastic car!, Small space
448196, convertible, 2019 Aston Martin DB11 Volante, N/A, N/A
436692, convertible, 2018 Bentley Continental Supersports, design+ interior+ quality+ power+ smoothness, navigation not so great
441919, convertible, 2018 Lamborghini Aventador S, cool design, noisy
442017, convertible, 2018 Maserati GranTurismo Sport, Buy 3yr used & you will be in heaven, Deprectiation horrificus+ bad nav & integration
447448, convertible, 2020 Mercedes-Benz S‑Class S 560, Quality+ fit and finish, Passenger outside mirror doesnt auto dim
439977, convertible, 2019 Mercedes-Benz Mercedes‑AMG S‑Class S 65 AMG, Quality+ fit and finish, Passenger outside mirror doesnt auto dim
447250, convertible, 2019 Rolls-Royce Dawn Base Style, N/A, N/A
438745, convertible, 2019 Porsche 718 Boxster S, looks and driving experience, hard to get in and out of as I age
442415, convertible, 2019 BMW 2 Series 230i xDrive, Fun to drive+ top notch BMW quality, Run Flat Tires
436529, convertible, 2019 Alfa Romeo 4C Spider Base Style, A truly tactile exotic with speed+ looks+ and feel, Not a luxury car. Small fuel tank.
442190, convertible, 2019 Mercedes-Benz SLC SLC 300, Loads of fun., None to speak of.
443624, convertible, 2019 Mercedes-Benz Mercedes‑AMG SLC SLC 43 AMG, Loads of fun., None to speak of.
445820, convertible, 2020 Porsche 911 Carrera 4S, N/A, N/A
447783, convertible, 2020 BMW Z4 sDrive 30i, N/A, N/A
443330, convertible, 2020 Jaguar F‑TYPE P300, Best sounding car out there, Pricey
442344, convertible, 2019 Audi S5 Premium Plus, Fast+ beautiful+ and the valets park it out front, handling could be improved
441722, convertible, 2019 Audi A5 Prestige, Fun to drive; great tech features and sound system, Poor rear/side visibility; minimal upfront storage
441660, convertible, 2019 Mercedes-Benz C‑Class C 300, A gas to drive+ the car holds the road!, Sport wheels don't last 36+000 miles.
441733, convertible, 2019 Mercedes-Benz Mercedes‑AMG C‑Class C 63 S AMG, A gas to drive+ the car holds the road!, Sport wheels don't last 36+000 miles.
441719, convertible, 2019 Audi A3 Premium Plus, Speed+ handling+ overall driving experience, Remote app control/monitoring disabled in A3s!
443210, convertible, 2019 BMW M4 Base Style, Chassis/speed/acceleration/overtaking/exterior, Start up sound/options prices/need for sno tires
436402, convertible, 2019 BMW 4 Series 440i, Style+ responsiveness+ handling+ utility., Ride can be a bit harsh.
436814, convertible, 2019 Buick Cascada Premium, Great look+ fun to drive+ musy have for the beach, Need high test
444111, convertible, 2020 Audi R8 V10 Performance Spyder, good, 
445885, convertible, 2020 Mercedes-Benz E‑Class E 450, Great ride, nothing
439790, convertible, 2019 Mercedes-Benz Mercedes‑AMG E‑Class E 53 AMG, Great ride, nothing
448147, convertible, 2020 BMW 8 Series 840i xDrive, N/A, N/A
436301, convertible, 2019 BMW i8 Base Style, Overall a fantastic car!, Small space
448196, convertible, 2019 Aston Martin DB11 Volante, N/A, N/A
436692, convertible, 2018 Bentley Continental Supersports, design+ interior+ quality+ power+ smoothness, navigation not so great
441919, convertible, 2018 Lamborghini Aventador S, cool design, noisy
442017, convertible, 2018 Maserati GranTurismo Sport, Buy 3yr used & you will be in heaven, Deprectiation horrificus+ bad nav & integration
447448, convertible, 2020 Mercedes-Benz S‑Class S 560, Quality+ fit and finish, Passenger outside mirror doesnt auto dim
439977, convertible, 2019 Mercedes-Benz Mercedes‑AMG S‑Class S 65 AMG, Quality+ fit and finish, Passenger outside mirror doesnt auto dim
447250, convertible, 2019 Rolls-Royce Dawn Base Style, N/A, N/A
445829, convertible, 2020 Ford Mustang EcoBoost, Fun to drive+ great ride quality & infotainment, Back seat leg room & seats feel a bit cheap
445821, convertible, 2020 Chevrolet Camaro ZL1, Fast+ loud and fun, Really just a two seater
443330, convertible, 2020 Jaguar F‑TYPE P300, Best sounding car out there, Pricey
442344, convertible, 2019 Audi S5 Premium Plus, Fast+ beautiful+ and the valets park it out front, handling could be improved
434938, convertible, 2019 Chevrolet Corvette ZR1, Neck wrenching acceleration and handlin. Styling., Factory wheels are prone to cracking and bending.
439790, convertible, 2019 Mercedes-Benz Mercedes‑AMG E‑Class E 53 AMG, Great ride, nothing
441733, convertible, 2019 Mercedes-Benz Mercedes‑AMG C‑Class C 63 S AMG, A gas to drive+ the car holds the road!, Sport wheels don't last 36+000 miles.
438745, convertible, 2019 Porsche 718 Boxster S, looks and driving experience, hard to get in and out of as I age
439005, convertible, 2019 MAZDA MX‑5 Miata Sport, Fun+ economical+ would work well for commuter car, A couple of nits (see comments)
439008, convertible, 2019 MAZDA MX‑5 Miata RF Grand Touring, Fun+ economical+ would work well for commuter car, A couple of nits (see comments)
446009, coupe, 2020 Toyota 86 Base Style, Motor+ handling suspension+ interior comfort, No leather or sunroof option
445992, coupe, 2020 Subaru BRZ tS, Driver Car+ Corners incredible+ Race Track Brakes, If you want a dragster+ you will need to modify it
443869, coupe, 2020 Nissan 370Z NISMO, Great performance+ GOBS of power+ FUN FUN FUN, 
442411, coupe, 2019 BMW 2 Series M240i, Fun to drive+ top notch BMW quality, Run Flat Tires
436478, coupe, 2019 BMW M2 Base Style, N/A, N/A
443485, coupe, 2019 Audi TT Base Style, Fast+ great handling and excellent looking., Ride a little firm
445826, coupe, 2020 Porsche 911 Carrera, N/A, N/A
443571, coupe, 2020 Toyota GR Supra 3.0 Premium, Comfortable, Attracts lots of attention!
446942, coupe, 2020 Acura NSX SH-AWD, N/A, N/A
438659, coupe, 2019 Porsche 718 Cayman S, Body lines+ Cornering+ Balance+ 0-60, Nothing
447183, coupe, 2019 Ferrari 488 GTB Base Style, Impeccable quality and driving experience just wow, Not the most comfortable for extended drives
448168, coupe, 2019 McLaren 570S Base Style, lovely, 
447734, coupe, 2019 Aston Martin Vantage Base Style, stunning look+ driving experience, none
447851, coupe, 2019 Aston Martin DBS Superleggera Base Style, DB9 looks fantastic and is very reliable, Stiff ride but great handling
447206, coupe, 2019 Rolls-Royce Wraith Base Style, N/A, N/A
447735, coupe, 2019 Ferrari 812 Superfast Base Style, N/A, N/A
448190, coupe, 2019 Aston Martin DB11 AMR Signature, N/A, N/A
436949, coupe, 2018 Lamborghini Huracan LP580-2, Amazing, None
442005, coupe, 2018 McLaren 570GT Base Style, lovely, 
442008, coupe, 2018 McLaren 720S Performance, lovely, 
445386, coupe, 2020 Honda Civic Sport, Great handling+ mileage+ power, Center screen takes a while to get used to.
444073, coupe, 2020 Hyundai Veloster Turbo Ultimate, N/A, N/A
443340, coupe, 2020 Jaguar F‑TYPE P380 R-Dynamic, Best sounding car out there, Pricey
442183, coupe, 2019 Audi RS 5 Base Style, So much fun, A little too quiet in sport mode
442347, coupe, 2019 Audi S5 Premium Plus, Fast+ beautiful+ and the valets park it out front, handling could be improved
434911, coupe, 2019 Chevrolet Corvette ZR1, Neck wrenching acceleration and handlin. Styling., Factory wheels are prone to cracking and bending.
441716, coupe, 2019 Audi A5 Premium, Fun to drive; great tech features and sound system, Poor rear/side visibility; minimal upfront storage
441647, coupe, 2019 Mercedes-Benz C‑Class C 300 4MATIC, A gas to drive+ the car holds the road!, Sport wheels don't last 36+000 miles.
441737, coupe, 2019 Mercedes-Benz Mercedes‑AMG C‑Class C 43 AMG, A gas to drive+ the car holds the road!, Sport wheels don't last 36+000 miles.
441273, coupe, 2019 INFINITI Q60 3.0t Luxe, N/A, N/A
445870, coupe, 2020 Mercedes-Benz E‑Class E 450 4MATIC, Great ride, nothing
445819, coupe, 2020 Ford Mustang Shelby GT350R, Fun to drive+ great ride quality & infotainment, Back seat leg room & seats feel a bit cheap
445825, coupe, 2020 Chevrolet Camaro SS, Fast+ loud and fun, Really just a two seater
439778, coupe, 2019 Mercedes-Benz Mercedes‑AMG E‑Class E 53 AMG, Great ride, nothing
439186, coupe, 2019 Dodge Challenger SXT, looks+ performance+ features+ brakes, windows move every time you open/close a door
448154, coupe, 2020 BMW 8 Series 840i, N/A, N/A
436318, coupe, 2019 BMW i8 Base Style, Overall a fantastic car!, Small space
447735, coupe, 2019 Ferrari 812 Superfast Base Style, N/A, N/A
448190, coupe, 2019 Aston Martin DB11 AMR Signature, N/A, N/A
436949, coupe, 2018 Lamborghini Huracan LP580-2, Amazing, None
444861, coupe, 2020 Lexus LC LC 500h, Fun to drive+ great sound+ People stop and stare, Computer+ transmission
447439, coupe, 2020 Mercedes-Benz S‑Class S 560 4MATIC, Quality+ fit and finish, Passenger outside mirror doesnt auto dim
438784, coupe, 2019 BMW M6 Base Style, Best car for the money+ active seats are great!, I haven't found any yet.
440000, coupe, 2019 Mercedes-Benz Mercedes‑AMG S‑Class S 63 AMG, Quality+ fit and finish, Passenger outside mirror doesnt auto dim
447206, coupe, 2019 Rolls-Royce Wraith Base Style, N/A, N/A
442411, coupe, 2019 BMW 2 Series M240i, Fun to drive+ top notch BMW quality, Run Flat Tires
436478, coupe, 2019 BMW M2 Base Style, N/A, N/A
443485, coupe, 2019 Audi TT Base Style, Fast+ great handling and excellent looking., Ride a little firm
445826, coupe, 2020 Porsche 911 Carrera, N/A, N/A
446942, coupe, 2020 Acura NSX SH-AWD, N/A, N/A
438659, coupe, 2019 Porsche 718 Cayman S, Body lines+ Cornering+ Balance+ 0-60, Nothing
443340, coupe, 2020 Jaguar F‑TYPE P380 R-Dynamic, Best sounding car out there, Pricey
442183, coupe, 2019 Audi RS 5 Base Style, So much fun, A little too quiet in sport mode
442347, coupe, 2019 Audi S5 Premium Plus, Fast+ beautiful+ and the valets park it out front, handling could be improved
441716, coupe, 2019 Audi A5 Premium, Fun to drive; great tech features and sound system, Poor rear/side visibility; minimal upfront storage
441647, coupe, 2019 Mercedes-Benz C‑Class C 300 4MATIC, A gas to drive+ the car holds the road!, Sport wheels don't last 36+000 miles.
441737, coupe, 2019 Mercedes-Benz Mercedes‑AMG C‑Class C 43 AMG, A gas to drive+ the car holds the road!, Sport wheels don't last 36+000 miles.
441273, coupe, 2019 INFINITI Q60 3.0t Luxe, N/A, N/A
443185, coupe, 2019 BMW M4 Base Style, Chassis/speed/acceleration/overtaking/exterior, Start up sound/options prices/need for sno tires
436409, coupe, 2019 BMW 4 Series 440i, Style+ responsiveness+ handling+ utility., Ride can be a bit harsh.
443846, coupe, 2019 Cadillac ATS‑V Base Style, Outruns the best. Relable with no recall known of., Rear seat engress and exit. Tire noise.
445870, coupe, 2020 Mercedes-Benz E‑Class E 450 4MATIC, Great ride, nothing
439778, coupe, 2019 Mercedes-Benz Mercedes‑AMG E‑Class E 53 AMG, Great ride, nothing
448154, coupe, 2020 BMW 8 Series 840i, N/A, N/A
436318, coupe, 2019 BMW i8 Base Style, Overall a fantastic car!, Small space
447735, coupe, 2019 Ferrari 812 Superfast Base Style, N/A, N/A
448190, coupe, 2019 Aston Martin DB11 AMR Signature, N/A, N/A
436949, coupe, 2018 Lamborghini Huracan LP580-2, Amazing, None
441925, coupe, 2018 Lamborghini Aventador S, cool design, noisy
441993, coupe, 2018 Maserati GranTurismo Sport, Buy 3yr used & you will be in heaven, Deprectiation horrificus+ bad nav & integration
444861, coupe, 2020 Lexus LC LC 500h, Fun to drive+ great sound+ People stop and stare, Computer+ transmission
447439, coupe, 2020 Mercedes-Benz S‑Class S 560 4MATIC, Quality+ fit and finish, Passenger outside mirror doesnt auto dim
438784, coupe, 2019 BMW M6 Base Style, Best car for the money+ active seats are great!, I haven't found any yet.
440000, coupe, 2019 Mercedes-Benz Mercedes‑AMG S‑Class S 63 AMG, Quality+ fit and finish, Passenger outside mirror doesnt auto dim
447206, coupe, 2019 Rolls-Royce Wraith Base Style, N/A, N/A
446009, coupe, 2020 Toyota 86 Base Style, Motor+ handling suspension+ interior comfort, No leather or sunroof option
445992, coupe, 2020 Subaru BRZ tS, Driver Car+ Corners incredible+ Race Track Brakes, If you want a dragster+ you will need to modify it
445819, coupe, 2020 Ford Mustang Shelby GT350R, Fun to drive+ great ride quality & infotainment, Back seat leg room & seats feel a bit cheap
445442, coupe, 2020 Honda Civic Si, Great handling+ mileage+ power, Center screen takes a while to get used to.
444073, coupe, 2020 Hyundai Veloster Turbo Ultimate, N/A, N/A
445825, coupe, 2020 Chevrolet Camaro SS, Fast+ loud and fun, Really just a two seater
443869, coupe, 2020 Nissan 370Z NISMO, Great performance+ GOBS of power+ FUN FUN FUN, 
443340, coupe, 2020 Jaguar F‑TYPE P380 R-Dynamic, Best sounding car out there, Pricey
442183, coupe, 2019 Audi RS 5 Base Style, So much fun, A little too quiet in sport mode
442347, coupe, 2019 Audi S5 Premium Plus, Fast+ beautiful+ and the valets park it out front, handling could be improved
446091, hybrid, 2020 Toyota RAV4 Hybrid XSE, Comparatively good gas mileage, Fuel tank will not fill Misleading fuel gauge
445568, hybrid, 2020 Subaru Crosstrek Hybrid, Handling+ Comfort+ Quiet interior+ Mileage, Rear Storage
444188, hybrid, 2020 Volvo XC90 T8 Momentum, comfort + safety + quaity, 4 cylinder engine struggles some times.
445576, hybrid, 2020 Porsche Cayenne E-Hybrid, Fun to drive+ Reputation+ Navigation+ Suspension, Expensive
444990, hybrid, 2020 Lexus RX RX 450h, Comfort+ Ride quality+ silent+ Eco mode+ Reliable, Lack acceleration+ handling+costly leather upgrade
444216, hybrid, 2020 Lexus NX 300h Luxury, A lot for the price, Might not be ideal for people who are really tall
444338, hybrid, 2020 Ford Escape SE Sport, Amazing MPGs for awd suv+ tech+ comfort+ value, Some hard plastics that should be soft
441656, hybrid, 2020 Lincoln Aviator Black Label Grand Touring, There's a long list, Haven't found any yet
443181, hybrid, 2020 Ford Explorer Limited HEV, Fun features styling power, Cost on higher end models.
438287, hybrid, 2019 Acura MDX Sport Hybrid SH-AWD w/Technology Pkg, Value+ Semi-sporty+ good looking+ comfrotable+ saf, slow transmission
445395, hybrid, 2020 Honda Accord Hybrid EX-L, Quiet+ Value+ Style+ Comfort, Cold weather very hard on MPG
444765, hybrid, 2020 Lexus ES ES 300h, looks+ driving, comfort+ quirky and overly complicated technology
444190, hybrid, 2020 Toyota Prius Prime LE, The first Prius that is fun to drive., As I said+ rough road noise comes through too much
442115, hybrid, 2020 Toyota Corolla Hybrid LE, fuel economy+ ride quality+ appearance, entune interface+ no android auto
445841, hybrid, 2020 Toyota Camry Hybrid XLE, Good fuel mileage but you pay extra for a hybrid, Low ground clearance and useless navigation system
444857, hybrid, 2020 Toyota Prius XLE, Gas mileage. Comfortable seats. Electric mode., No Android interface. Seat heat buttons
443712, hybrid, 2020 Kia Optima Hybrid EX, Comfortable+ smooth+ quiet and solid. Top quality!, Smaller trunk
443764, hybrid, 2020 Kia Optima Plug‑in Hybrid EX, Comfortable+ smooth+ quiet and solid. Top quality!, Smaller trunk
445020, hybrid, 2020 Ford Fusion SEL Hybrid, Fun to ride+ reliability+ solidness+ Looks, 
442085, hybrid, 2019 Honda Clarity Plug‑in Hybrid Base Style, Feels like luxury car+ quiet+ comfortable, None yet.
444190, hybrid, 2020 Toyota Prius Prime LE, The first Prius that is fun to drive., As I said+ rough road noise comes through too much
445568, hybrid, 2020 Subaru Crosstrek Hybrid, Handling+ Comfort+ Quiet interior+ Mileage, Rear Storage
444188, hybrid, 2020 Volvo XC90 T8 Momentum, comfort + safety + quaity, 4 cylinder engine struggles some times.
445576, hybrid, 2020 Porsche Cayenne E-Hybrid, Fun to drive+ Reputation+ Navigation+ Suspension, Expensive
443764, hybrid, 2020 Kia Optima Plug‑in Hybrid EX, Comfortable+ smooth+ quiet and solid. Top quality!, Smaller trunk
441656, hybrid, 2020 Lincoln Aviator Black Label Grand Touring, There's a long list, Haven't found any yet
442085, hybrid, 2019 Honda Clarity Plug‑in Hybrid Base Style, Feels like luxury car+ quiet+ comfortable, None yet.
439968, hybrid, 2019 BMW 5 Series 530e iPerformance, Does everything well, Wish for more battery-only range (40-50 miles)
439361, hybrid, 2019 Mercedes-Benz GLC GLC 350e 4MATIC, Nice looking vehicle., My expectation for a Mercedes is greater
441932, hybrid, 2019 Volvo S60 T8 Inscription, Gorgeous style+ very comfortable, Electronics+ Safety issues+ Brakes. Customer Care
444190, hybrid, 2020 Toyota Prius Prime LE, The first Prius that is fun to drive., As I said+ rough road noise comes through too much
443764, hybrid, 2020 Kia Optima Plug‑in Hybrid EX, Comfortable+ smooth+ quiet and solid. Top quality!, Smaller trunk
442085, hybrid, 2019 Honda Clarity Plug‑in Hybrid Base Style, Feels like luxury car+ quiet+ comfortable, None yet.
439968, hybrid, 2019 BMW 5 Series 530e iPerformance, Does everything well, Wish for more battery-only range (40-50 miles)
441932, hybrid, 2019 Volvo S60 T8 Inscription, Gorgeous style+ very comfortable, Electronics+ Safety issues+ Brakes. Customer Care
439998, hybrid, 2019 Kia Niro Plug‑in Hybrid EX, Premiuim interior feel+ great gas mileage., No AWD or 4WD model.
438435, hybrid, 2019 Hyundai Ioniq Plug‑in Hybrid Base Style, Super Deal Great MPG and Full Electric Option, Head rests very uncomfortable too far forward
443095, hybrid, 2019 Hyundai Sonata Plug‑in Hybrid Base Style, Quiet and smooth driving with 27 miles on electric, only front wheel drive and no fold down read seats
441092, hybrid, 2019 Volvo S90 T8 Momentum, safety+ fun to drive+ tech+ zippy and comfy, tech is a little complex+ cupholders
436449, hybrid, 2019 Ford Fusion Energi Plug-In Hybrid Titanium, Good value+ comfortable+ and love the mileage., Trunk space is limited.
445568, hybrid, 2020 Subaru Crosstrek Hybrid, Handling+ Comfort+ Quiet interior+ Mileage, Rear Storage
444188, hybrid, 2020 Volvo XC90 T8 Momentum, comfort + safety + quaity, 4 cylinder engine struggles some times.
445576, hybrid, 2020 Porsche Cayenne E-Hybrid, Fun to drive+ Reputation+ Navigation+ Suspension, Expensive
441656, hybrid, 2020 Lincoln Aviator Black Label Grand Touring, There's a long list, Haven't found any yet
439361, hybrid, 2019 Mercedes-Benz GLC GLC 350e 4MATIC, Nice looking vehicle., My expectation for a Mercedes is greater
441223, hybrid, 2019 Land Rover Range Rover Sport HSE Hybrid, Looks and sounds amazing. Superb comfort!, A new random issue daily...
436790, hybrid, 2019 Volvo XC60 T8 R-Design, Nice looking+ Decent Handling, Unreliable+ Faulty Technology Packag+ Faulty Seats
442007, hybrid, 2019 Mitsubishi Outlander PHEV SEL, Value+ quality+ MPG+ comfort+ space+ room+ seating, The E.P.A. lies about MPG ratings.
446625, hybrid, 2020 MINI Countryman Cooper SE ALL4, Quick+ easy to park+ roomy inside for size, No mechanical issues but minor weather trim issues
446242, hybrid, 2020 Porsche Cayenne Coupe E-Hybrid, N/A, N/A
442091, wagon, 2020 Kia Soul X-Line, Fun to drive+ Feels safe. I trust the car., Doors iffy on closing correctly
445380, wagon, 2020 Subaru Impreza Base Style, great vehicle for the money, none at this time
441659, wagon, 2019 BMW 3 Series 330i xDrive, Fun to drive+ iDrive & Apple CarPlay+ Interior, Driving Assist Features+ Exterior Style
439647, wagon, 2019 Kia Niro LX, Premiuim interior feel+ great gas mileage., No AWD or 4WD model.
439998, wagon, 2019 Kia Niro Plug‑in Hybrid EX, Premiuim interior feel+ great gas mileage., No AWD or 4WD model.
443270, wagon, 2019 Kia Niro EV EX Premium, fun to drive+ very different feel than a automatic, charging away from home
441079, wagon, 2019 Kia Soul EV + (Plus), Good Performance+ Decent Ride+ NO GAS!, Range takes a hit in winter.
442155, wagon, 2019 Volkswagen Golf Alltrack TSI SEL, driving in sport+ handling+ fit+finish+ controls, fuel economy+ interior storage+ some electronics
442164, wagon, 2019 Volkswagen Golf SportWagen TSI S 4Motion, handling+ economy. interior build quality, subdued styling
448024, wagon, 2020 Volvo V60 T5 R-Design, N/A, N/A
445879, wagon, 2020 Mercedes-Benz E‑Class E 450 4MATIC, Great ride, nothing
439807, wagon, 2019 Mercedes-Benz Mercedes‑AMG E‑Class E 63 S AMG, Great ride, nothing
441465, wagon, 2019 Audi A4 allroad Prestige, N/A, N/A
441155, wagon, 2019 Volvo V90 T6 R-Design, Comfortable+ quiet+ roomy, Must use Volvo hitch
444007, wagon, 2019 Jaguar XF XF Sportbrake Prestige, Handles very well+ has a lot of power+ looks great, Starting price is high
447580, wagon, 2020 Audi A6 allroad Premium Plus, Performance+ safety+ technology+ style., None
447568, wagon, 2020 Buick Regal TourX Preferred, love the car, No support from GM.
441659, wagon, 2019 BMW 3 Series 330i xDrive, Fun to drive+ iDrive & Apple CarPlay+ Interior, Driving Assist Features+ Exterior Style
448024, wagon, 2020 Volvo V60 T5 R-Design, N/A, N/A
445879, wagon, 2020 Mercedes-Benz E‑Class E 450 4MATIC, Great ride, nothing
439807, wagon, 2019 Mercedes-Benz Mercedes‑AMG E‑Class E 63 S AMG, Great ride, nothing
441465, wagon, 2019 Audi A4 allroad Prestige, N/A, N/A
441155, wagon, 2019 Volvo V90 T6 R-Design, Comfortable+ quiet+ roomy, Must use Volvo hitch
444007, wagon, 2019 Jaguar XF XF Sportbrake Prestige, Handles very well+ has a lot of power+ looks great, Starting price is high
447580, wagon, 2020 Audi A6 allroad Premium Plus, Performance+ safety+ technology+ style., None
447568, wagon, 2020 Buick Regal TourX Preferred, love the car, No support from GM.
